{
    "variable": [
        {
            "key": "base_url",
            "value": "https://chattestproject.squadinnovators.com/"
        }
    ],
    "info": {
        "name": "2023_08_24_053728_laravel_collection.json",
        "schema": "https://schema.getpostman.com/json/collection/v2.1.0/collection.json"
    },
    "item": [
        {
            "name": "chatify/api/chat/auth",
            "request": {
                "method": "POST",
                "header": [
                    {
                        "key": "Accept",
                        "value": "application/json"
                    },
                    {
                        "key": "Content-Type",
                        "value": "application/json"
                    }
                ],
                "url": {
                    "raw": "{{base_url}}/chatify/api/chat/auth",
                    "host": [
                        "{{base_url}}"
                    ],
                    "path": [
                        "chatify",
                        "api",
                        "chat",
                        "auth"
                    ],
                    "variable": []
                }
            }
        },
        {
            "name": "chatify/api/idInfo",
            "request": {
                "method": "POST",
                "header": [
                    {
                        "key": "Accept",
                        "value": "application/json"
                    },
                    {
                        "key": "Content-Type",
                        "value": "application/json"
                    }
                ],
                "url": {
                    "raw": "{{base_url}}/chatify/api/idInfo",
                    "host": [
                        "{{base_url}}"
                    ],
                    "path": [
                        "chatify",
                        "api",
                        "idInfo"
                    ],
                    "variable": []
                }
            }
        },
        {
            "name": "chatify/api/sendMessage",
            "request": {
                "method": "POST",
                "header": [
                    {
                        "key": "Accept",
                        "value": "application/json"
                    },
                    {
                        "key": "Content-Type",
                        "value": "application/json"
                    }
                ],
                "url": {
                    "raw": "{{base_url}}/chatify/api/sendMessage",
                    "host": [
                        "{{base_url}}"
                    ],
                    "path": [
                        "chatify",
                        "api",
                        "sendMessage"
                    ],
                    "variable": []
                }
            }
        },
        {
            "name": "chatify/api/fetchMessages",
            "request": {
                "method": "POST",
                "header": [
                    {
                        "key": "Accept",
                        "value": "application/json"
                    },
                    {
                        "key": "Content-Type",
                        "value": "application/json"
                    }
                ],
                "url": {
                    "raw": "{{base_url}}/chatify/api/fetchMessages",
                    "host": [
                        "{{base_url}}"
                    ],
                    "path": [
                        "chatify",
                        "api",
                        "fetchMessages"
                    ],
                    "variable": []
                }
            }
        },
        {
            "name": "chatify/api/download/{fileName}",
            "request": {
                "method": "GET",
                "header": [
                    {
                        "key": "Accept",
                        "value": "application/json"
                    },
                    {
                        "key": "Content-Type",
                        "value": "application/json"
                    }
                ],
                "url": {
                    "raw": "{{base_url}}/chatify/api/download/:fileName",
                    "host": [
                        "{{base_url}}"
                    ],
                    "path": [
                        "chatify",
                        "api",
                        "download",
                        ":fileName"
                    ],
                    "variable": []
                }
            }
        },
        {
            "name": "chatify/api/makeSeen",
            "request": {
                "method": "POST",
                "header": [
                    {
                        "key": "Accept",
                        "value": "application/json"
                    },
                    {
                        "key": "Content-Type",
                        "value": "application/json"
                    }
                ],
                "url": {
                    "raw": "{{base_url}}/chatify/api/makeSeen",
                    "host": [
                        "{{base_url}}"
                    ],
                    "path": [
                        "chatify",
                        "api",
                        "makeSeen"
                    ],
                    "variable": []
                }
            }
        },
        {
            "name": "chatify/api/getContacts",
            "request": {
                "method": "GET",
                "header": [
                    {
                        "key": "Accept",
                        "value": "application/json"
                    },
                    {
                        "key": "Content-Type",
                        "value": "application/json"
                    }
                ],
                "url": {
                    "raw": "{{base_url}}/chatify/api/getContacts",
                    "host": [
                        "{{base_url}}"
                    ],
                    "path": [
                        "chatify",
                        "api",
                        "getContacts"
                    ],
                    "variable": []
                }
            }
        },
        {
            "name": "chatify/api/star",
            "request": {
                "method": "POST",
                "header": [
                    {
                        "key": "Accept",
                        "value": "application/json"
                    },
                    {
                        "key": "Content-Type",
                        "value": "application/json"
                    }
                ],
                "url": {
                    "raw": "{{base_url}}/chatify/api/star",
                    "host": [
                        "{{base_url}}"
                    ],
                    "path": [
                        "chatify",
                        "api",
                        "star"
                    ],
                    "variable": []
                }
            }
        },
        {
            "name": "chatify/api/favorites",
            "request": {
                "method": "POST",
                "header": [
                    {
                        "key": "Accept",
                        "value": "application/json"
                    },
                    {
                        "key": "Content-Type",
                        "value": "application/json"
                    }
                ],
                "url": {
                    "raw": "{{base_url}}/chatify/api/favorites",
                    "host": [
                        "{{base_url}}"
                    ],
                    "path": [
                        "chatify",
                        "api",
                        "favorites"
                    ],
                    "variable": []
                }
            }
        },
        {
            "name": "chatify/api/search",
            "request": {
                "method": "GET",
                "header": [
                    {
                        "key": "Accept",
                        "value": "application/json"
                    },
                    {
                        "key": "Content-Type",
                        "value": "application/json"
                    }
                ],
                "url": {
                    "raw": "{{base_url}}/chatify/api/search",
                    "host": [
                        "{{base_url}}"
                    ],
                    "path": [
                        "chatify",
                        "api",
                        "search"
                    ],
                    "variable": []
                }
            }
        },
        {
            "name": "chatify/api/shared",
            "request": {
                "method": "POST",
                "header": [
                    {
                        "key": "Accept",
                        "value": "application/json"
                    },
                    {
                        "key": "Content-Type",
                        "value": "application/json"
                    }
                ],
                "url": {
                    "raw": "{{base_url}}/chatify/api/shared",
                    "host": [
                        "{{base_url}}"
                    ],
                    "path": [
                        "chatify",
                        "api",
                        "shared"
                    ],
                    "variable": []
                }
            }
        },
        {
            "name": "chatify/api/deleteConversation",
            "request": {
                "method": "POST",
                "header": [
                    {
                        "key": "Accept",
                        "value": "application/json"
                    },
                    {
                        "key": "Content-Type",
                        "value": "application/json"
                    }
                ],
                "url": {
                    "raw": "{{base_url}}/chatify/api/deleteConversation",
                    "host": [
                        "{{base_url}}"
                    ],
                    "path": [
                        "chatify",
                        "api",
                        "deleteConversation"
                    ],
                    "variable": []
                }
            }
        },
        {
            "name": "chatify/api/updateSettings",
            "request": {
                "method": "POST",
                "header": [
                    {
                        "key": "Accept",
                        "value": "application/json"
                    },
                    {
                        "key": "Content-Type",
                        "value": "application/json"
                    }
                ],
                "url": {
                    "raw": "{{base_url}}/chatify/api/updateSettings",
                    "host": [
                        "{{base_url}}"
                    ],
                    "path": [
                        "chatify",
                        "api",
                        "updateSettings"
                    ],
                    "variable": []
                }
            }
        },
        {
            "name": "chatify/api/setActiveStatus",
            "request": {
                "method": "POST",
                "header": [
                    {
                        "key": "Accept",
                        "value": "application/json"
                    },
                    {
                        "key": "Content-Type",
                        "value": "application/json"
                    }
                ],
                "url": {
                    "raw": "{{base_url}}/chatify/api/setActiveStatus",
                    "host": [
                        "{{base_url}}"
                    ],
                    "path": [
                        "chatify",
                        "api",
                        "setActiveStatus"
                    ],
                    "variable": []
                }
            }
        },
        {
            "name": "api/user",
            "request": {
                "method": "GET",
                "header": [
                    {
                        "key": "Accept",
                        "value": "application/json"
                    },
                    {
                        "key": "Content-Type",
                        "value": "application/json"
                    }
                ],
                "url": {
                    "raw": "{{base_url}}/api/user",
                    "host": [
                        "{{base_url}}"
                    ],
                    "path": [
                        "api",
                        "user"
                    ],
                    "variable": []
                }
            }
        }
    ],
    "event": []
}