{
	"info": {
		"_postman_id": "fa5ee773-03c9-40c9-b7f9-49254675b58f",
		"name": "Chatify Copy",
		"schema": "https://schema.getpostman.com/json/collection/v2.1.0/collection.json",
		"_exporter_id": "27824073"
	},
	"item": [
		{
			"name": "Auth Endpoint",
			"request": {
				"method": "POST",
				"header": [
					{
						"key": "Accept",
						"value": "application/json",
						"type": "text"
					}
				],
				"body": {
					"mode": "raw",
					"raw": "{\n    \"socket_id\": \"9013.50262712\",\n    \"channel_name\": \"private-chatify\"\n}",
					"options": {
						"raw": {
							"language": "json"
						}
					}
				},
				"url": {
					"raw": "{{base_url}}/chat/auth",
					"host": [
						"{{base_url}}"
					],
					"path": [
						"chat",
						"auth"
					]
				}
			},
			"response": []
		},
		{
			"name": "Send Message",
			"request": {
				"method": "POST",
				"header": [],
				"body": {
					"mode": "formdata",
					"formdata": [
						{
							"key": "file",
							"type": "file",
							"src": []
						},
						{
							"key": "id",
							"value": "2",
							"type": "text"
						},
						{
							"key": "type",
							"value": "user",
							"type": "text"
						},
						{
							"key": "message",
							"value": "hi there",
							"type": "text"
						},
						{
							"key": "temporaryMsgId",
							"value": "temp_1",
							"type": "text"
						}
					]
				},
				"url": {
					"raw": "{{base_url}}/sendMessage",
					"host": [
						"{{base_url}}"
					],
					"path": [
						"sendMessage"
					]
				}
			},
			"response": []
		},
		{
			"name": "Fetch User's Messages",
			"request": {
				"method": "POST",
				"header": [],
				"body": {
					"mode": "raw",
					"raw": "{\n    \"id\":1\n}",
					"options": {
						"raw": {
							"language": "json"
						}
					}
				},
				"url": {
					"raw": "{{base_url}}/fetchMessages",
					"host": [
						"{{base_url}}"
					],
					"path": [
						"fetchMessages"
					]
				}
			},
			"response": []
		},
		{
			"name": "Download File",
			"request": {
				"method": "GET",
				"header": [],
				"url": {
					"raw": "{{base_url}}/download/file-name-here",
					"host": [
						"{{base_url}}"
					],
					"path": [
						"download",
						"file-name-here"
					]
				}
			},
			"response": []
		},
		{
			"name": "Make Message Seen",
			"request": {
				"method": "POST",
				"header": [],
				"body": {
					"mode": "raw",
					"raw": "{\n    \"id\":1\n}",
					"options": {
						"raw": {
							"language": "json"
						}
					}
				},
				"url": {
					"raw": "{{base_url}}/makeSeen",
					"host": [
						"{{base_url}}"
					],
					"path": [
						"makeSeen"
					]
				}
			},
			"response": []
		},
		{
			"name": "Get Contacts",
			"request": {
				"method": "GET",
				"header": [],
				"url": {
					"raw": "{{base_url}}/getContacts",
					"host": [
						"{{base_url}}"
					],
					"path": [
						"getContacts"
					]
				}
			},
			"response": []
		},
		{
			"name": "Get Favorites",
			"request": {
				"method": "POST",
				"header": [],
				"url": {
					"raw": "{{base_url}}/favorites",
					"host": [
						"{{base_url}}"
					],
					"path": [
						"favorites"
					]
				}
			},
			"response": []
		},
		{
			"name": "Star a user (make as favorite)",
			"request": {
				"method": "POST",
				"header": [],
				"body": {
					"mode": "raw",
					"raw": "{\n    \"user_id\":1\n}",
					"options": {
						"raw": {
							"language": "json"
						}
					}
				},
				"url": {
					"raw": "{{base_url}}/star",
					"host": [
						"{{base_url}}"
					],
					"path": [
						"star"
					]
				}
			},
			"response": []
		},
		{
			"name": "Search",
			"request": {
				"method": "GET",
				"header": [],
				"url": {
					"raw": "{{base_url}}/search?input=blah",
					"host": [
						"{{base_url}}"
					],
					"path": [
						"search"
					],
					"query": [
						{
							"key": "input",
							"value": "blah"
						}
					]
				}
			},
			"response": []
		},
		{
			"name": "Get Shared Photos",
			"request": {
				"method": "POST",
				"header": [],
				"body": {
					"mode": "raw",
					"raw": "{\n    \"user_id\":1\n}",
					"options": {
						"raw": {
							"language": "json"
						}
					}
				},
				"url": {
					"raw": "{{base_url}}/shared",
					"host": [
						"{{base_url}}"
					],
					"path": [
						"shared"
					]
				}
			},
			"response": []
		},
		{
			"name": "Delete Conversation",
			"request": {
				"method": "POST",
				"header": [],
				"body": {
					"mode": "raw",
					"raw": "{\n    \"user_id\":1\n}",
					"options": {
						"raw": {
							"language": "json"
						}
					}
				},
				"url": {
					"raw": "{{base_url}}/deleteConversation",
					"host": [
						"{{base_url}}"
					],
					"path": [
						"deleteConversation"
					]
				}
			},
			"response": []
		},
		{
			"name": "Update User's Settings",
			"request": {
				"method": "POST",
				"header": [],
				"body": {
					"mode": "formdata",
					"formdata": [
						{
							"key": "messengerColor",
							"value": "messengerColor-2",
							"type": "text"
						},
						{
							"key": "dark_mode",
							"value": "dark",
							"type": "text"
						},
						{
							"key": "avatar",
							"type": "file",
							"src": []
						}
					]
				},
				"url": {
					"raw": "{{base_url}}/updateSettings",
					"host": [
						"{{base_url}}"
					],
					"path": [
						"updateSettings"
					]
				}
			},
			"response": []
		},
		{
			"name": "Set User's Active Status",
			"request": {
				"method": "POST",
				"header": [],
				"body": {
					"mode": "raw",
					"raw": "{\n    \"user_id\":1,\n    \"status\": 1\n}",
					"options": {
						"raw": {
							"language": "json"
						}
					}
				},
				"url": {
					"raw": "{{base_url}}/setActiveStatus",
					"host": [
						"{{base_url}}"
					],
					"path": [
						"setActiveStatus"
					]
				}
			},
			"response": []
		},
		{
			"name": "Fetch User/Group By ID & Type",
			"request": {
				"method": "POST",
				"header": [],
				"body": {
					"mode": "raw",
					"raw": "{\n    \"id\":1,\n    \"type\": \"user\"\n}",
					"options": {
						"raw": {
							"language": "json"
						}
					}
				},
				"url": {
					"raw": "{{base_url}}/idInfo",
					"host": [
						"{{base_url}}"
					],
					"path": [
						"idInfo"
					]
				}
			},
			"response": []
		},
		{
			"name": "login",
			"request": {
				"method": "POST",
				"header": [],
				"body": {
					"mode": "formdata",
					"formdata": [
						{
							"key": "email",
							"value": "",
							"type": "text"
						},
						{
							"key": "password",
							"value": "",
							"type": "text"
						}
					]
				},
				"url": {
					"raw": "http://127.0.0.1:8000/chatify/api/auth/login",
					"protocol": "http",
					"host": [
						"127",
						"0",
						"0",
						"1"
					],
					"port": "8000",
					"path": [
						"chatify",
						"api",
						"auth",
						"login"
					]
				}
			},
			"response": []
		}
	],
	"auth": {
		"type": "bearer",
		"bearer": [
			{
				"key": "token",
				"value": "3|laravel_sanctum_POQ942q6EHR1NMaqMEcDWLwr0CUyWLxhMUHhiiIA4dd08dc4",
				"type": "string"
			}
		]
	},
	"event": [
		{
			"listen": "prerequest",
			"script": {
				"type": "text/javascript",
				"exec": [
					""
				]
			}
		},
		{
			"listen": "test",
			"script": {
				"type": "text/javascript",
				"exec": [
					""
				]
			}
		}
	],
	"variable": [
		{
			"key": "base_url",
			"value": "http://127.0.0.1:8000/chatify/api"
		},
		{
			"key": "live url",
			"value": "https://chattestproject.squadinnovators.com/chatify/api",
			"type": "string",
			"disabled": true
		},
		{
			"key": "base_url",
			"value": "https://chattestproject.squadinnovators.com/chatify/api",
			"type": "string",
			"disabled": true
		}
	]
}